Région,Population_totale,Passages_urgences_total_estimé,Taux_passages_pour_100k_hab,Taux_pauvreté_%,Passages_pour_1000_hab
Mayotte,256518.0,1000.0,389.8858621538742,77.3,3.9
Guyane,286618.0,2871.0,1001.745449739298,52.9,10.02
La Réunion,871157.0,4674.0,536.5495039494735,36.1,5.37
Guadeloupe,384315.0,2076.0,540.2361892543246,34.5,5.4
Martinique,360749.0,1713.0,474.9424615532097,26.8,4.75
